scenario,unmet_no,unmet_greedy,unmet_lp,srv_no,srv_greedy,srv_lp
1,269.000000,27.444444,27.444444,0.771064,0.976643,0.976643
2,257.000000,17.666667,17.666667,0.784577,0.985191,0.985191
3,277.000000,18.333333,18.333333,0.764656,0.984424,0.984424
4,252.000000,10.444444,10.444444,0.788057,0.991216,0.991216
5,271.000000,23.777778,23.777778,0.768376,0.979677,0.979677
6,265.000000,21.111111,21.111111,0.770165,0.981690,0.981690
7,264.000000,12.000000,12.000000,0.779817,0.989992,0.989992
8,267.000000,31.888889,31.888889,0.778607,0.973558,0.973558
9,254.000000,16.555556,16.555556,0.787625,0.986158,0.986158
10,271.000000,28.444444,28.444444,0.769362,0.975792,0.975792
11,253.000000,7.666667,7.666667,0.775908,0.993209,0.993209
12,223.000000,9.333333,9.333333,0.801954,0.991711,0.991711
13,265.000000,16.222222,16.222222,0.775233,0.986241,0.986241
14,253.000000,6.000000,6.000000,0.799842,0.995253,0.995253
15,262.000000,20.888889,20.888889,0.781119,0.982549,0.982549
16,273.000000,36.555556,36.555556,0.767263,0.968836,0.968836
17,259.000000,13.666667,13.666667,0.786127,0.988715,0.988715
18,256.000000,21.111111,21.111111,0.783235,0.982124,0.982124
19,277.000000,39.666667,39.666667,0.764656,0.966298,0.966298
20,263.000000,21.222222,21.222222,0.772884,0.981673,0.981673
21,265.000000,17.666667,17.666667,0.770364,0.984691,0.984691
22,275.000000,39.666667,39.666667,0.770451,0.966889,0.966889
23,252.000000,9.111111,9.111111,0.778753,0.992001,0.992001
24,242.000000,9.555556,9.555556,0.799337,0.992077,0.992077
25,248.000000,9.444444,9.444444,0.791070,0.992043,0.992043
26,239.000000,11.000000,11.000000,0.791084,0.990385,0.990385
27,259.000000,16.555556,16.555556,0.777873,0.985801,0.985801
28,286.000000,33.777778,33.777778,0.762852,0.971992,0.971992
29,260.000000,13.000000,13.000000,0.783514,0.989176,0.989176
30,273.000000,17.555556,17.555556,0.767857,0.985072,0.985072
31,282.000000,41.666667,41.666667,0.766942,0.965565,0.965565
32,259.000000,20.333333,20.333333,0.783806,0.983027,0.983027
33,252.000000,19.888889,19.888889,0.791563,0.983549,0.983549
34,238.000000,0.777778,0.777778,0.788444,0.999309,0.999309
35,274.000000,22.777778,22.777778,0.767600,0.980680,0.980680
36,277.000000,25.777778,25.777778,0.766245,0.978247,0.978247
37,240.000000,9.000000,9.000000,0.797468,0.992405,0.992405
38,294.000000,50.222222,50.222222,0.756824,0.958460,0.958460
39,264.000000,16.000000,16.000000,0.779449,0.986633,0.986633
40,275.000000,32.333333,32.333333,0.768324,0.972760,0.972760
41,236.000000,14.222222,14.222222,0.796902,0.987761,0.987761
42,258.000000,14.333333,14.333333,0.781726,0.987874,0.987874
43,250.000000,23.888889,23.888889,0.786871,0.979634,0.979634
44,280.000000,35.666667,35.666667,0.773463,0.971143,0.971143
45,266.000000,11.666667,11.666667,0.777778,0.990253,0.990253
46,236.000000,0.000000,0.000000,0.790594,1.000000,1.000000
47,267.000000,22.444444,22.444444,0.781506,0.981633,0.981633
48,255.000000,14.555556,14.555556,0.775923,0.987210,0.987210
49,254.000000,14.222222,14.222222,0.783461,0.987875,0.987875
50,225.000000,2.111111,2.111111,0.801061,0.998133,0.998133
51,252.000000,24.888889,24.888889,0.794788,0.979732,0.979732
52,245.000000,18.111111,18.111111,0.790240,0.984494,0.984494
53,260.000000,22.777778,22.777778,0.779287,0.980664,0.980664
54,249.000000,21.111111,21.111111,0.789162,0.982124,0.982124
55,285.000000,30.333333,30.333333,0.757859,0.974228,0.974228
56,267.000000,42.666667,42.666667,0.768831,0.963059,0.963059
57,255.000000,18.111111,18.111111,0.781491,0.984481,0.984481
58,259.000000,6.666667,6.666667,0.773205,0.994162,0.994162
59,281.000000,28.444444,28.444444,0.762669,0.975976,0.975976
60,297.000000,42.000000,42.000000,0.749789,0.964617,0.964617
61,233.000000,5.777778,5.777778,0.805671,0.995181,0.995181
62,247.000000,0.000000,0.000000,0.785217,1.000000,1.000000
63,266.000000,22.666667,22.666667,0.778148,0.981095,0.981095
64,257.000000,3.888889,3.888889,0.781463,0.996693,0.996693
65,240.000000,8.777778,8.777778,0.782016,0.992027,0.992027
66,249.000000,10.555556,10.555556,0.779059,0.990634,0.990634
67,278.000000,26.888889,26.888889,0.776348,0.978368,0.978368
68,273.000000,16.000000,16.000000,0.769426,0.986486,0.986486
69,260.000000,17.888889,17.888889,0.778912,0.984788,0.984788
70,238.000000,24.222222,24.222222,0.802490,0.979899,0.979899
71,270.000000,21.000000,21.000000,0.775561,0.982544,0.982544
72,230.000000,5.777778,5.777778,0.793165,0.994804,0.994804
73,257.000000,16.111111,16.111111,0.782756,0.986381,0.986381
74,265.000000,9.111111,9.111111,0.792320,0.992860,0.992860
75,251.000000,9.111111,9.111111,0.783060,0.992125,0.992125
76,262.000000,10.555556,10.555556,0.779275,0.991107,0.991107
77,264.000000,23.888889,23.888889,0.773779,0.979530,0.979530
78,287.000000,34.555556,34.555556,0.762614,0.971418,0.971418
79,269.000000,28.555556,28.555556,0.785144,0.977192,0.977192
80,257.000000,16.666667,16.666667,0.780342,0.985755,0.985755
81,271.000000,19.111111,19.111111,0.774167,0.984074,0.984074
82,239.000000,20.111111,20.111111,0.803454,0.983461,0.983461
83,272.000000,41.777778,41.777778,0.770270,0.964715,0.964715
84,264.000000,21.888889,21.888889,0.778709,0.981652,0.981652
85,271.000000,23.888889,23.888889,0.766379,0.979406,0.979406
86,278.000000,35.444444,35.444444,0.775081,0.971323,0.971323
87,283.000000,32.111111,32.111111,0.770106,0.973915,0.973915
88,272.000000,15.000000,15.000000,0.752952,0.986376,0.986376
89,284.000000,47.888889,47.888889,0.768163,0.960907,0.960907
90,286.000000,33.777778,33.777778,0.766531,0.972426,0.972426
91,266.000000,16.444444,16.444444,0.776846,0.986204,0.986204
92,255.000000,7.333333,7.333333,0.779412,0.993656,0.993656
93,287.000000,31.111111,31.111111,0.761628,0.974160,0.974160
94,250.000000,18.666667,18.666667,0.782419,0.983754,0.983754
95,284.000000,31.000000,31.000000,0.766255,0.974486,0.974486
96,258.000000,12.888889,12.888889,0.781356,0.989077,0.989077
97,293.000000,46.333333,46.333333,0.763710,0.962634,0.962634
98,296.000000,40.000000,40.000000,0.750000,0.966216,0.966216
99,253.000000,11.777778,11.777778,0.783945,0.989942,0.989942
100,238.000000,1.888889,1.888889,0.787500,0.998313,0.998313
101,232.000000,5.888889,5.888889,0.789282,0.994651,0.994651
102,255.000000,5.888889,5.888889,0.776903,0.994848,0.994848
103,249.000000,4.111111,4.111111,0.791980,0.996565,0.996565
104,255.000000,18.777778,18.777778,0.786611,0.984286,0.984286
105,250.000000,18.777778,18.777778,0.769585,0.982693,0.982693
106,236.000000,4.888889,4.888889,0.794066,0.995734,0.995734
107,264.000000,7.000000,7.000000,0.779264,0.994147,0.994147
108,265.000000,9.777778,9.777778,0.779351,0.991859,0.991859
109,241.000000,9.333333,9.333333,0.793488,0.992002,0.992002
110,266.000000,17.666667,17.666667,0.775717,0.985104,0.985104
111,275.000000,18.888889,18.888889,0.759615,0.983489,0.983489
112,252.000000,12.444444,12.444444,0.784062,0.989336,0.989336
113,274.000000,17.777778,17.777778,0.767993,0.984947,0.984947
114,269.000000,15.000000,15.000000,0.777502,0.987593,0.987593
115,256.000000,23.777778,23.777778,0.780634,0.979625,0.979625
116,231.000000,0.111111,0.111111,0.796117,0.999902,0.999902
117,233.000000,7.666667,7.666667,0.796684,0.993310,0.993310
118,268.000000,22.666667,22.666667,0.772689,0.980775,0.980775
119,252.000000,10.333333,10.333333,0.779141,0.990944,0.990944
120,261.000000,16.444444,16.444444,0.777304,0.985969,0.985969
121,250.000000,13.222222,13.222222,0.792875,0.989045,0.989045
122,263.000000,17.777778,17.777778,0.778433,0.985023,0.985023
123,252.000000,9.888889,9.888889,0.777778,0.991280,0.991280
124,246.000000,23.555556,23.555556,0.798361,0.980692,0.980692
125,227.000000,1.777778,1.777778,0.800702,0.998439,0.998439
126,270.000000,15.111111,15.111111,0.774247,0.987365,0.987365
127,273.000000,25.555556,25.555556,0.766866,0.978176,0.978176
128,242.000000,7.111111,7.111111,0.785461,0.993696,0.993696
129,263.000000,28.777778,28.777778,0.783182,0.976276,0.976276
130,260.000000,16.666667,16.666667,0.770925,0.985316,0.985316
131,278.000000,20.444444,20.444444,0.761578,0.982466,0.982466
132,244.000000,13.888889,13.888889,0.789655,0.988027,0.988027
133,251.000000,6.444444,6.444444,0.778660,0.994317,0.994317
134,245.000000,2.000000,2.000000,0.788245,0.998271,0.998271
135,239.000000,13.000000,13.000000,0.800000,0.989121,0.989121
136,243.000000,10.222222,10.222222,0.801633,0.991655,0.991655
137,261.000000,13.222222,13.222222,0.772846,0.988492,0.988492
138,276.000000,24.111111,24.111111,0.775610,0.980397,0.980397
139,240.000000,14.777778,14.777778,0.794696,0.987359,0.987359
140,289.000000,37.777778,37.777778,0.760563,0.968701,0.968701
141,272.000000,27.333333,27.333333,0.774461,0.977336,0.977336
142,290.000000,41.555556,41.555556,0.746725,0.963707,0.963707
143,301.000000,57.111111,57.111111,0.752467,0.953034,0.953034
144,270.000000,42.222222,42.222222,0.778325,0.965335,0.965335
145,284.000000,30.111111,30.111111,0.771152,0.975736,0.975736
146,281.000000,24.222222,24.222222,0.759418,0.979262,0.979262
147,266.000000,28.444444,28.444444,0.770492,0.975458,0.975458
148,279.000000,22.111111,22.111111,0.763158,0.981230,0.981230
149,272.000000,30.333333,30.333333,0.779579,0.975419,0.975419
150,265.000000,28.888889,28.888889,0.790679,0.977181,0.977181
151,245.000000,3.111111,3.111111,0.799673,0.997456,0.997456
152,259.000000,17.888889,17.888889,0.778443,0.984697,0.984697
153,268.000000,28.888889,28.888889,0.779605,0.976243,0.976243
154,259.000000,12.777778,12.777778,0.774587,0.988879,0.988879
155,247.000000,14.111111,14.111111,0.786885,0.987825,0.987825
156,239.000000,10.888889,10.888889,0.797286,0.990764,0.990764
157,277.000000,28.333333,28.333333,0.754433,0.974882,0.974882
158,275.000000,24.333333,24.333333,0.774590,0.980055,0.980055
159,260.000000,12.777778,12.777778,0.785301,0.989449,0.989449
160,244.000000,17.444444,17.444444,0.785777,0.984684,0.984684
161,308.000000,52.000000,52.000000,0.756329,0.958861,0.958861
162,254.000000,7.111111,7.111111,0.781599,0.993886,0.993886
163,275.000000,43.666667,43.666667,0.771215,0.963672,0.963672
164,257.000000,11.555556,11.555556,0.789171,0.990520,0.990520
165,263.000000,28.666667,28.666667,0.775597,0.975540,0.975540
166,267.000000,23.222222,23.222222,0.767219,0.979754,0.979754
167,255.000000,18.666667,18.666667,0.783531,0.984154,0.984154
168,270.000000,22.111111,22.111111,0.765828,0.980823,0.980823
169,237.000000,16.000000,16.000000,0.800840,0.986555,0.986555
170,306.000000,52.111111,52.111111,0.760188,0.959161,0.959161
171,266.000000,19.111111,19.111111,0.783388,0.984437,0.984437
172,247.000000,7.222222,7.222222,0.784843,0.993709,0.993709
173,239.000000,16.444444,16.444444,0.784296,0.985158,0.985158
174,258.000000,13.666667,13.666667,0.772887,0.987969,0.987969
175,260.000000,20.777778,20.777778,0.772727,0.981838,0.981838
176,265.000000,13.444444,13.444444,0.769365,0.988299,0.988299
177,262.000000,15.777778,15.777778,0.773160,0.986340,0.986340
178,244.000000,6.444444,6.444444,0.792340,0.994515,0.994515
179,254.000000,15.777778,15.777778,0.783830,0.986572,0.986572
180,260.000000,17.444444,17.444444,0.779848,0.985229,0.985229
181,266.000000,23.111111,23.111111,0.777406,0.980660,0.980660
182,288.000000,29.333333,29.333333,0.763934,0.975956,0.975956
183,230.000000,21.111111,21.111111,0.802913,0.981910,0.981910
184,266.000000,19.666667,19.666667,0.770492,0.983031,0.983031
185,254.000000,21.333333,21.333333,0.784380,0.981890,0.981890
186,246.000000,6.777778,6.777778,0.776160,0.993833,0.993833
187,233.000000,6.888889,6.888889,0.800000,0.994087,0.994087
188,265.000000,22.444444,22.444444,0.784378,0.981738,0.981738
189,264.000000,26.111111,26.111111,0.764915,0.976749,0.976749
190,239.000000,8.888889,8.888889,0.794143,0.992344,0.992344
191,255.000000,9.333333,9.333333,0.783898,0.992090,0.992090
192,265.000000,17.666667,17.666667,0.770165,0.984678,0.984678
193,285.000000,37.777778,37.777778,0.775059,0.970183,0.970183
194,284.000000,34.111111,34.111111,0.757472,0.970870,0.970870
195,288.000000,32.777778,32.777778,0.763353,0.973067,0.973067
196,275.000000,40.444444,40.444444,0.770067,0.966184,0.966184
197,266.000000,19.444444,19.444444,0.779436,0.983877,0.983877
198,284.000000,31.000000,31.000000,0.761144,0.973928,0.973928
199,261.000000,28.222222,28.222222,0.782681,0.976501,0.976501
200,246.000000,6.777778,6.777778,0.777376,0.993866,0.993866
